<?xml version="1.0" encoding="UTF-8"?>
<project-private xmlns="http://www.netbeans.org/ns/project-private/1">
    <editor-bookmarks xmlns="http://www.netbeans.org/ns/editor-bookmarks/2" lastBookmarkId="0"/>
    <open-files xmlns="http://www.netbeans.org/ns/projectui-open-files/2">
        <group>
            <file>file:/C:/Users/Prabhu%20Piyush/Documents/NetBeansProjects/hotel/web/hyderabad.jsp</file>
            <file>file:/C:/Users/Prabhu%20Piyush/Documents/NetBeansProjects/hotel/web/login.jsp</file>
            <file>file:/C:/Users/Prabhu%20Piyush/Documents/NetBeansProjects/hotel/web/login1.jsp</file>
            <file>file:/C:/Users/Prabhu%20Piyush/Documents/NetBeansProjects/hotel/web/indore.jsp</file>
            <file>file:/C:/Users/Prabhu%20Piyush/Documents/NetBeansProjects/hotel/web/visakhapatnam.jsp</file>
            <file>file:/C:/Users/Prabhu%20Piyush/Documents/NetBeansProjects/hotel/web/pune.jsp</file>
            <file>file:/C:/Users/Prabhu%20Piyush/Documents/NetBeansProjects/hotel/web/nagpur.jsp</file>
            <file>file:/C:/Users/Prabhu%20Piyush/Documents/NetBeansProjects/hotel/web/bhubaneswar.jsp</file>
            <file>file:/C:/Users/Prabhu%20Piyush/Documents/NetBeansProjects/hotel/web/index_1.html</file>
            <file>file:/C:/Users/Prabhu%20Piyush/Documents/NetBeansProjects/hotel/web/bengaluru.jsp</file>
            <file>file:/C:/Users/Prabhu%20Piyush/Documents/NetBeansProjects/hotel/web/mysore.jsp</file>
            <file>file:/C:/Users/Prabhu%20Piyush/Documents/NetBeansProjects/hotel/web/lucknow.jsp</file>
            <file>file:/C:/Users/Prabhu%20Piyush/Documents/NetBeansProjects/hotel/web/gandhinagar.jsp</file>
            <file>file:/C:/Users/Prabhu%20Piyush/Documents/NetBeansProjects/hotel/web/jaipur.jsp</file>
            <file>file:/C:/Users/Prabhu%20Piyush/Documents/NetBeansProjects/hotel/web/final.jsp</file>
            <file>file:/C:/Users/Prabhu%20Piyush/Documents/NetBeansProjects/hotel/web/index_2.jsp</file>
            <file>file:/C:/Users/Prabhu%20Piyush/Documents/NetBeansProjects/hotel/web/kolkata.jsp</file>
            <file>file:/C:/Users/Prabhu%20Piyush/Documents/NetBeansProjects/hotel/web/login.html</file>
            <file>file:/C:/Users/Prabhu%20Piyush/Documents/NetBeansProjects/hotel/web/index_4.jsp</file>
            <file>file:/C:/Users/Prabhu%20Piyush/Documents/NetBeansProjects/hotel/web/chennai.jsp</file>
            <file>file:/C:/Users/Prabhu%20Piyush/Documents/NetBeansProjects/hotel/web/index_3.jsp</file>
            <file>file:/C:/Users/Prabhu%20Piyush/Documents/NetBeansProjects/hotel/web/ahmedabad.jsp</file>
            <file>file:/C:/Users/Prabhu%20Piyush/Documents/NetBeansProjects/hotel/web/darjiling.jsp</file>
            <file>file:/C:/Users/Prabhu%20Piyush/Documents/NetBeansProjects/hotel/web/surat.jsp</file>
            <file>file:/C:/Users/Prabhu%20Piyush/Documents/NetBeansProjects/hotel/web/templatemo_style.css</file>
            <file>file:/C:/Users/Prabhu%20Piyush/Documents/NetBeansProjects/hotel/web/hotel.jsp</file>
            <file>file:/C:/Users/Prabhu%20Piyush/Documents/NetBeansProjects/hotel/web/delhi.jsp</file>
            <file>file:/C:/Users/Prabhu%20Piyush/Documents/NetBeansProjects/hotel/web/index.html</file>
            <file>file:/C:/Users/Prabhu%20Piyush/Documents/NetBeansProjects/hotel/web/mumbai.jsp</file>
            <file>file:/C:/Users/Prabhu%20Piyush/Documents/NetBeansProjects/hotel/web/chandigarh.jsp</file>
            <file>file:/C:/Users/Prabhu%20Piyush/Documents/NetBeansProjects/hotel/web/coimabatore.jsp</file>
        </group>
    </open-files>
</project-private>
